{"R0_T0": 0.01987499999999997, "E": -21814.06047913003}