{"R0_T0": 0.022130112434623567, "E": -18683.934522236534}