{"R1_0AT0": 0.07303897091586936, "b": 0.16309594319342693, "c": 0.49645219127519563, "E": -5149.039471686582, "d1": 1.0, "d2": 1.0, "d3": 0.14561946146616608}