{"R1_T0": 0.011824210015467709, "E": -16184.473566538238}