{"R1_T0": 0.009092870695872406, "E": -13564.576496810641}