{"R1_0A": 0.07277115854930268, "b": 0.6251583740721869, "c": 1.1674824537895128, "d": 0.008860072026879086}