{"R1_0A": 0.07277115853637109, "b": 0.625158373121244, "c": 1.1674824559054544, "d": 0.008860072022228209}