{"R1_0A": 0.0756397969863858, "b": 0.3084012647830657, "c": 0.8437247384962874, "d": 0.008193547803571581}